{"best_lr": 0.005623413251903491, "best_chunk_size": 8000, "best_mape": 0.11054004399828359}